participantID,participantName,teamID
1,Dicky,1
2,Costa,2
3,Di,3
4,Teddy,4
5,Frants,1
6,Lethia,2
7,Caleb,3
8,Kerri,4
9,Benton,1
10,Anthia,2
11,Berenice,3
12,Cornell,4
13,Chico,1
14,Jarrad,2
15,Wendell,3
16,Harrison,4
17,Debi,1
18,Magdaia,2
19,Denny,3
20,Bald,4
21,Hugues,1
22,Binny,2
23,Kalila,3
24,Konstanze,4
25,Wenona,1
26,Donnell,2
27,Sibley,3
28,Malvina,4
29,Aldis,1
30,Pris,2
31,Myrwyn,3
32,Retha,4
33,Hunfredo,1
34,Grissel,2
35,Tomaso,3
36,Esteban,4
37,Padriac,1
38,Tailor,2
39,Freddie,3
40,Doll,4
41,Carmita,1
42,Casi,2
43,Ignacius,3
44,Jordan,4
45,Steffie,1
46,Brendan,2
47,Zorah,3
48,Randee,4
49,Billy,1
50,Berkeley,2
51,Ree,3
52,Talbert,4
53,Ellynn,1
54,Dniren,2
55,Sammy,3
56,Blinni,4
57,Sarah,1
58,Mirabelle,2
59,Ilsa,3
60,Ignazio,4
61,Bobinette,1
62,Levey,2
63,Antone,3
64,Adelaide,4
65,Dacey,1
66,Christiana,2
67,Haven,3
68,Myrtle,4
69,Hill,1
70,Orlan,2
71,Hildy,3
72,Aron,4
73,Claiborne,1
74,Sollie,2
75,Ramsay,3
76,Lorraine,4
77,Chrisse,1
78,Vivie,2
79,Royall,3
80,Gerrie,4